date,game_id,home,away
2003-03-20,234000001,Arizona,Vermont
2003-03-20,234000002,Cincinnati,Gonzaga
2003-03-20,234000019,UConn,BYU
2003-03-20,234000020,Stanford,San Diego
2003-03-20,234000032,Oklahoma,South Carolina State
2003-03-20,234000054,Missouri,Southern Illinois
2003-03-27,234000007,Arizona,Notre Dame
2003-03-27,234000014,Kansas,Duke
2003-03-27,234000060,Pittsburgh,Marquette
2003-03-28,234000022,Texas,UConn
2003-03-28,234000029,Maryland,Michigan State
2003-03-28,234000038,Oklahoma,Butler
2003-03-28,234000045,Syracuse,Auburn
2003-03-29,234000015,Arizona,Kansas
2003-03-29,234000061,Kentucky,Marquette
2003-03-30,234000030,Texas,Michigan State
2003-03-30,234000046,Oklahoma,Syracuse
2003-04-05,234000062,Texas,Syracuse
2003-03-20,234000001,Arizona,Vermont
2003-03-20,234000002,Cincinnati,Gonzaga
2003-03-20,234000019,UConn,BYU
2003-03-20,234000020,Stanford,San Diego
2003-03-20,234000032,Oklahoma,South Carolina State
2003-03-20,234000054,Missouri,Southern Illinois
2003-03-27,234000007,Arizona,Notre Dame
2003-03-27,234000014,Kansas,Duke
2003-03-27,234000060,Pittsburgh,Marquette
2003-03-28,234000022,Texas,UConn
2003-03-28,234000029,Maryland,Michigan State
2003-03-28,234000038,Oklahoma,Butler
2003-03-28,234000045,Syracuse,Auburn
2003-03-29,234000015,Arizona,Kansas
2003-03-29,234000061,Kentucky,Marquette
2003-03-30,234000030,Texas,Michigan State
2003-03-30,234000046,Oklahoma,Syracuse
2003-04-05,234000062,Texas,Syracuse
2007-02-24,270550023,San Jos√© St,Hawai'i
2007-02-24,270550026,UCLA,Stanford
2007-02-24,270550030,USC,California
2007-02-24,270550036,Colorado State,Wyoming
2007-02-24,270550046,Georgetown,Pittsburgh
2007-02-24,270550052,Florida State,NC State
2007-02-24,270550061,Georgia,Mississippi State
2007-02-24,270550071,Bradley,Indiana State
2007-02-24,270550077,Northwestern,Purdue
2007-02-24,270550079,Southern Illinois,Evansville
2007-02-24,270550087,Notre Dame,Marquette
2007-02-24,270550099,LSU,Florida
2007-02-24,270550103,Boston College,Clemson
2007-02-24,270550113,UMass,Saint Louis
2007-02-24,270550127,Michigan State,Indiana
2007-02-24,270550135,Minnesota,Michigan
2007-02-24,270550151,East Carolina,UTEP
2007-02-24,270550156,Creighton,Wichita State
2007-02-24,270550159,Dartmouth,Pennsylvania
2007-02-24,270550166,New Mexico State,Fresno State
2007-02-24,270550201,Oklahoma,Texas
2007-02-24,270550213,Penn State,Illinois
2007-02-24,270550218,Temple,Charlotte
2007-02-24,270550222,Villanova,Rutgers
2007-02-24,270550227,Rhode Island,Fordham
2007-02-24,270550245,Texas A&M,Baylor
2007-02-24,270550254,Utah,New Mexico
2007-02-24,270550257,Richmond,Saint Joseph's
2007-02-24,270550258,Virginia,Georgia Tech
2007-02-24,270550259,Virginia Tech,Miami
2007-02-24,270550325,Cleveland State,Youngstown St
2007-02-24,270550333,Alabama,Auburn
2007-02-24,270552006,Akron,Bowling Green
2007-02-24,270552086,Butler,Detroit Mercy
2007-02-24,270552168,Dayton,Xavier
2007-02-24,270552184,Duquesne,St. Bonaventure
2007-02-24,270552305,Kansas,Iowa State
2007-02-24,270552325,La Salle,George Washington
2007-02-24,270552350,Loyola Chicago,UIC
2007-02-24,270552368,Marist,Siena
2007-02-24,270552449,North Dakota State,South Dakota State
2007-02-24,270552460,Northern Iowa,Illinois State
2007-02-24,270552483,Oregon,Washington
2007-02-24,270552507,Providence,Syracuse
2007-02-24,270552539,San Francisco,Gonzaga
2007-02-24,270552550,Seton Hall,South Florida
